food_name,category,calories,protein,carbs,fat,fiber,calcium,iron
Chapati,Vegetarian,120,3.5,25,0.5,2.5,25,1.1
Plain Rice,Vegetarian,130,2.5,28,0.3,0.4,10,0.2
Curd Rice,Vegetarian,140,4.0,22,3.0,0.6,80,0.3
Tomato Rice,Vegetarian,150,3.0,29,3.5,2.0,20,0.8
Lemon Rice,Vegetarian,145,3.0,28,3.0,1.5,22,0.7
Jeera Rice,Vegetarian,140,2.8,27,3.0,1.0,18,0.5
Vegetable Pulao,Vegetarian,145,3.0,28,3.0,2.0,25,1.0
Veg Pulao,Vegetarian,150,3.0,29,3.0,2.5,25,1.1
Khichdi,Vegetarian,140,4.0,25,3.0,3.5,35,1.1
Bajra Roti,Vegetarian,130,4.0,28,2.0,3.5,20,1.5
Jowar Roti,Vegetarian,125,4.0,26,2.0,3.5,22,1.4
Ragi Roti,Vegetarian,120,3.5,24,2.0,4.0,28,1.6
Thepla,Vegetarian,150,4.0,26,5.0,3.0,35,1.2
Bhakri,Vegetarian,140,4.0,26,4.0,3.0,30,1.2
Vegetable Curry,Vegetarian,135,3.0,18,6.0,4.0,45,1.1
Aloo Matar,Vegetarian,140,3.5,20,5.0,4.0,40,1.2
Aloo Palak,Vegetarian,145,4.0,18,6.0,4.5,90,2.5
Cabbage Sabzi,Vegetarian,120,3.0,14,6.0,4.5,50,1.0
Bottle Gourd Curry,Vegetarian,110,2.5,12,5.0,3.5,40,0.9
Tinda Masala,Vegetarian,115,2.8,13,5.0,3.5,38,0.8
Vegetable Stew,Vegetarian,125,3.0,14,5.0,3.0,35,1.0
Vegetable Jalfrezi,Vegetarian,145,4.0,18,6.0,4.0,50,1.4
Vegetable Handi,Vegetarian,160,4.0,18,8.0,4.0,50,1.2
Vegetable Mix Curry,Vegetarian,135,3.5,18,6.0,4.0,45,1.1
Vegetable Dalcha,Vegetarian,145,5.0,20,4.0,4.0,55,1.5
Vegetable Tomato Curry,Vegetarian,135,3.5,16,6.0,3.5,45,1.0
Vegetable Capsicum Curry,Vegetarian,150,4.0,18,7.0,4.0,50,1.1
Vegetable Palya,Vegetarian,140,4.0,16,6.0,3.5,45,1.1
Vegetable Mix Masala,Vegetarian,160,4.0,18,7.0,4.0,50,1.2
Vegetable Kurma Stew,Vegetarian,170,5.0,15,10,3.5,60,1.3
Vegetable Steamed Curry,Vegetarian,130,3.0,15,5.0,3.0,40,1.0
Vegetable Mix Stew,Vegetarian,145,4.0,16,6.0,3.5,45,1.1
Vegetable Dal Curry,Vegetarian,150,6.0,20,4.0,5.0,70,2.1
Dal Tadka,Vegetarian,135,6.0,18,4.0,4.0,50,2.2
Dal Fry,Vegetarian,145,6.0,20,5.0,4.0,55,2.1
Dal Makhani,Vegetarian,170,7.5,20,7.0,5.0,85,2.3
Dal Palak,Vegetarian,150,7.0,20,4.0,4.5,90,2.3
Dal Panchmel,Vegetarian,155,7.0,22,4.0,5.0,85,2.4
Chole Curry,Vegetarian,160,7.0,27,4.0,7.0,55,2.5
Rajma Curry,Vegetarian,150,6.5,25,3.0,6.5,60,2.6
Sambar,Vegetarian,120,4.0,16,4.0,4.0,70,2.0
Rasam,Vegetarian,110,3.0,14,3.0,3.5,45,1.2
Kadhi,Vegetarian,130,5.0,12,5.0,2.0,80,1.2
Curd,Vegetarian,98,11.0,4.0,5.0,0,80,0.2
Raita,Vegetarian,110,4.0,10,4.0,1.0,75,0.3
Buttermilk,Vegetarian,40,3.0,4.0,1.0,0,120,0.2
Paneer Curry,Vegetarian,200,10.0,14,13,2.5,150,1.4
Paneer Bhurji,Vegetarian,190,12.0,8,13,1.5,140,1.5
Paneer Tikka,Vegetarian,195,12.0,10,13,1.5,135,1.4
Palak Paneer,Vegetarian,180,9.0,10,12,3.5,150,2.7
Matar Paneer,Vegetarian,185,8.0,14,12,2.5,110,1.4
Soup (Tomato),Vegetarian,80,2.0,14,2.0,2.5,25,0.7
Soup (Vegetable),Vegetarian,70,2.5,12,1.5,2.5,30,0.8
Soup (Chicken),Non-Vegetarian,90,8.0,4.0,3.0,0,20,1.2
Soup (Mutton),Non-Vegetarian,100,9.0,4.0,4.0,0,25,1.5
Soup (Fish),Non-Vegetarian,95,10.0,3.0,3.0,0,22,1.3
Egg Curry,Non-Vegetarian,170,11.0,6,12,1.0,60,1.9
Egg Masala,Non-Vegetarian,175,12.0,7,11,1.0,65,1.7
Egg Roast,Non-Vegetarian,180,13.0,6,12,1.0,60,1.7
Egg Bhurji,Non-Vegetarian,160,12.0,4,12,0.5,58,1.6
Chicken Curry,Non-Vegetarian,185,15.0,6,12,1.0,32,1.7
Chicken Saagwala,Non-Vegetarian,210,17.0,7,12,1.0,60,2.0
Tandoori Chicken,Non-Vegetarian,190,20.0,5,9.0,0,40,1.9
Grilled Chicken,Non-Vegetarian,180,22.0,3,8.0,0,35,1.7
Fish Curry,Non-Vegetarian,170,15.0,7,10,1.0,40,1.9
Grilled Fish,Non-Vegetarian,160,22.0,3,6.0,0,30,1.8
Prawn Curry,Non-Vegetarian,175,17.0,6,9.0,0,60,2.0
Prawn Masala,Non-Vegetarian,180,18.0,6,9.0,0,55,2.0
